{
  "timestamp": "2026-03-24T19:55:33.946970",
  "strategy": "Improved Trend-Following",
  "params": {
    "trade_frequency": "quarterly",
    "stop_loss": 0.1,
    "trend_filter": "MA50 > MA200"
  },
  "results": [
    {
      "code": "300750",
      "name": "宁德时代",
      "buy_hold": {
        "return": 0.6707985599738178,
        "sharpe": 1.2520969970400535,
        "max_dd": -0.25210725185292837
      },
      "strategy": {
        "return": 0.3627253106000001,
        "sharpe": 0.9019335320971875,
        "max_dd": -0.27408654773634344,
        "trades": 2,
        "win_rate": 2.0
      },
      "recommend": "买入持有 ✅"
    },
    {
      "code": "002475",
      "name": "立讯精密",
      "buy_hold": {
        "return": 0.09941107184923426,
        "sharpe": 0.3811850995653246,
        "max_dd": -0.3819292885202968
      },
      "strategy": {
        "return": -0.4976949079,
        "sharpe": -2.2793465061203855,
        "max_dd": -0.5015700480079578,
        "trades": 4,
        "win_rate": 1.0
      },
      "recommend": "买入持有 ✅"
    },
    {
      "code": "601318",
      "name": "中国平安",
      "buy_hold": {
        "return": 0.06376332230797499,
        "sharpe": 0.3120075443593437,
        "max_dd": -0.22107104413347678
      },
      "strategy": {
        "return": -0.022637341000000016,
        "sharpe": 0.18518675160355447,
        "max_dd": -0.23198541314790458,
        "trades": 2,
        "win_rate": 2.0
      },
      "recommend": "买入持有 ✅"
    },
    {
      "code": "600519",
      "name": "贵州茅台",
      "buy_hold": {
        "return": -0.29443359375,
        "sharpe": -0.21925168105948362,
        "max_dd": -0.42527425948798825
      },
      "strategy": {
        "return": -0.3359647,
        "sharpe": -0.5635517258951304,
        "max_dd": -0.3574786735426954,
        "trades": 3,
        "win_rate": 1.5
      },
      "recommend": "策略(风控好)"
    }
  ],
  "summary": {
    "avg_buy_hold": 0.13488484009525675,
    "avg_strategy": -0.12339290957499999,
    "avg_sharpe": -0.43894448707869343,
    "avg_max_drawdown": -0.3412801706087253
  }
}