{
  "timestamp": "2026-03-03T22:06:01.457493",
  "config": {
    "initial_capital": 100000,
    "max_position": 0.25,
    "stop_loss_atr": 2.5,
    "trail_stop_atr": 2.0,
    "ma_short": 5,
    "ma_long": 30
  },
  "results": {
    "五粮液": {
      "return": -0.04373319999999978,
      "sharpe": -0.41879235227259565,
      "max_dd": -0.055274850931996355
    },
    "比亚迪": {
      "return": 0.009709700000000012,
      "sharpe": 0.10972490068358733,
      "max_dd": -0.08860805676221359
    },
    "茅台": {
      "return": -0.03882100000000006,
      "sharpe": -1.4556033048842536,
      "max_dd": -0.04116056821355898
    }
  },
  "summary": {
    "avg_return": -2.428149999999994,
    "avg_sharpe": -0.5882235854910873,
    "avg_dd": -6.1681158635922975
  }
}