{
  "timestamp": "2026-03-03T19:23:09.826846",
  "params": {
    "ma_short": 5,
    "ma_long": 30,
    "atr_stop": 2.5,
    "atr_trail": 2.0,
    "max_pos": 0.25
  },
  "results": [
    {
      "final": 102815.62000000002,
      "return": 0.028156200000000246,
      "sharpe": 0.33667825055818457,
      "max_dd": -0.038688880267935155,
      "trades": 13,
      "win_rate": 0.3076923076923077,
      "stock": "五粮液",
      "buy_hold": -16.632794081781977
    },
    {
      "final": 102122.86,
      "return": 0.021228600000000007,
      "sharpe": 0.23014994377148845,
      "max_dd": -0.09077015095891156,
      "trades": 19,
      "win_rate": 0.3888888888888889,
      "stock": "比亚迪",
      "buy_hold": 53.96183699870632
    }
  ],
  "summary": {
    "avg_return": 2.469240000000013,
    "avg_sharpe": 0.2834140971648365,
    "win_count": 2,
    "total_stocks": 2
  }
}