{
  "test_time": "2026-03-04T19:38:30.907305",
  "portfolio_sharpe_full": 0.7140523018574166,
  "portfolio_sharpe_wf": 0.8158194951087192,
  "avg_confidence": 0.48,
  "stocks": {
    "宁德时代": {
      "full_sharpe": 0.7668702999854552,
      "full_return": 0.2150072,
      "monte_carlo_confidence": 0.53
    },
    "立讯精密": {
      "full_sharpe": 0.7795567505573694,
      "full_return": 0.23158489999999962,
      "monte_carlo_confidence": 0.5
    },
    "中国平安": {
      "full_sharpe": 0.6142527738502519,
      "full_return": 0.1417492999999995,
      "monte_carlo_confidence": 0.48
    },
    "恒瑞医药": {
      "full_sharpe": 0.42955725619213225,
      "full_return": 0.10287649999999994,
      "monte_carlo_confidence": 0.41000000000000003
    }
  }
}