{
  "test_time": "2026-03-04T13:47:24.731753",
  "without_filter": {
    "avg_return": 2.6639899999999965,
    "avg_sharpe": 0.10950017837647609,
    "avg_win_rate": 55.25202474196728
  },
  "with_filter": {
    "avg_return": 0.6836633333333286,
    "avg_sharpe": 0.01829422341578846,
    "avg_win_rate": 59.17477238104173
  },
  "improvement": {
    "return": -1.980326666666668,
    "sharpe": -0.09120595496068763,
    "win_rate": 3.9227476390744442
  }
}