{
  "optimize_time": "2026-03-04T19:31:46.481759",
  "optimal_weights": {
    "恒瑞医药": 0.1,
    "立讯精密": 0.30000000000000004,
    "宁德时代": 0.4500000000000001,
    "中国平安": 0.14999999999999986
  },
  "portfolio_sharpe": 0.5444816817028137,
  "portfolio_return": 0.14773707500000016,
  "equal_weight_sharpe": 0.4882085873857859,
  "improvement": 0.05627309431702787,
  "stock_results": {
    "恒瑞医药": {
      "weight": 0.1,
      "sharpe": 0.39020540357910416,
      "return": 0.08883769999999931,
      "win_rate": 0.7777777777777778
    },
    "立讯精密": {
      "weight": 0.30000000000000004,
      "sharpe": 0.47599154200551785,
      "return": 0.13546730000000026,
      "win_rate": 0.696969696969697
    },
    "宁德时代": {
      "weight": 0.4500000000000001,
      "sharpe": 0.6655602271648992,
      "return": 0.1875974000000002,
      "win_rate": 0.5862068965517241
    },
    "中国平安": {
      "weight": 0.14999999999999986,
      "sharpe": 0.4210771767936222,
      "return": 0.09196190000000032,
      "win_rate": 0.6153846153846154
    }
  }
}